<?xml version="1.0" encoding="UTF-8"?>
<definitions targetNamespace="http://schemas.pfizer.com/MedicalInquiry" xmlns:ns2="http://schemas.pfizer.com/ConventionMI" xmlns="http://schemas.xmlsoap.org/wsdl/" xmlns:ns1="http://www.exploria.net" xmlns:wsmex="http://schemas.xmlsoap.org/ws/2004/09/mex" xmlns:plnk="http://schemas.xmlsoap.org/ws/2003/05/partner-link/" xmlns:ns4="http://www.irmsonline.com/2011/05/Standard/CaseImport" xmlns:ns3="http://www.irmsonline.com/2011/05/Standard/Case" xmlns:client="http://schemas.pfizer.com/MedicalInquiry" xmlns:tns="http://schemas.pfizer.com/MedicalInquiry" xmlns:soap="http://schemas.xmlsoap.org/wsdl/soap/" xmlns:mi="http://schemas.pfizer.com/MedicalInquiry">
  <types>
    <xs:schema attributeFormDefault="unqualified" elementFormDefault="qualified" targetNamespace="http://schemas.pfizer.com/MedicalInquiry" xmlns="http://schemas.pfizer.com/MedicalInquiry" xmlns:client="http://schemas.pfizer.com/MedicalInquiry" xmlns:mi="http://schemas.pfizer.com/MedicalInquiry" xmlns:ns1="http://www.exploria.net" xmlns:ns2="http://schemas.pfizer.com/ConventionMI" xmlns:ns3="http://www.irmsonline.com/2011/05/Standard/Case" xmlns:ns4="http://www.irmsonline.com/2011/05/Standard/CaseImport" xmlns:nxsd="http://xmlns.oracle.com/pcbpel/nxsd" xmlns:plnk="http://schemas.xmlsoap.org/ws/2003/05/partner-link/" xmlns:soap="http://schemas.xmlsoap.org/wsdl/soap/" xmlns:tns="http://schemas.pfizer.com/MedicalInquiry" xmlns:xs="http://www.w3.org/2001/XMLSchema"><xs:element name="Customers"><xs:annotation><xs:documentation>The customer data for all customers is
                                          stored in the SFA</xs:documentation>
            </xs:annotation><xs:complexType><xs:sequence><xs:element name="Customer"><xs:annotation><xs:documentation>The target individual audience to present discussions to.</xs:documentation>
                     </xs:annotation><xs:complexType><xs:sequence><xs:element minOccurs="0" name="CustomerID"><xs:annotation><xs:documentation>The unique ID that identifies the customer obtained from the SFA.</xs:documentation>
                              </xs:annotation><xs:simpleType><xs:restriction base="xs:string"><xs:maxLength value="50"/>
                                 </xs:restriction>
                              </xs:simpleType>
                           </xs:element><xs:element minOccurs="0" name="IMSCustomerID"><xs:annotation><xs:documentation>The unique ID that identifies the customer obtained from the IMS.</xs:documentation>
                              </xs:annotation><xs:simpleType><xs:restriction base="xs:string"><xs:maxLength value="50"/>
                                 </xs:restriction>
                              </xs:simpleType>
                           </xs:element><xs:element name="SourceSystemCustomerId" type="xs:string"><xs:annotation><xs:documentation>Identifies source system customer identifier</xs:documentation>
                              </xs:annotation>
                           </xs:element><xs:element name="FirstName"><xs:simpleType><xs:restriction base="xs:string"><xs:maxLength value="50"/>
                                 </xs:restriction>
                              </xs:simpleType>
                           </xs:element><xs:element name="LastName"><xs:simpleType><xs:restriction base="xs:string"><xs:maxLength value="50"/>
                                 </xs:restriction>
                              </xs:simpleType>
                           </xs:element><xs:element minOccurs="0" name="Gender" type="xs:string"/><xs:element name="Line1Address"><xs:simpleType><xs:restriction base="xs:string"><xs:maxLength value="200"/>
                                 </xs:restriction>
                              </xs:simpleType>
                           </xs:element><xs:element name="City"><xs:simpleType><xs:restriction base="xs:string"><xs:maxLength value="50"/>
                                 </xs:restriction>
                              </xs:simpleType>
                           </xs:element><xs:element name="State"><xs:simpleType><xs:restriction base="xs:string"><xs:maxLength value="10"/>
                                 </xs:restriction>
                              </xs:simpleType>
                           </xs:element><xs:element name="Zip"><xs:simpleType><xs:restriction base="xs:string"><xs:maxLength value="30"/>
                                 </xs:restriction>
                              </xs:simpleType>
                           </xs:element><xs:element default="" minOccurs="0" name="Country"><xs:simpleType><xs:restriction base="xs:string"><xs:maxLength value="30"/>
                                 </xs:restriction>
                              </xs:simpleType>
                           </xs:element><xs:element default="" minOccurs="0" name="OfficePhone"><xs:simpleType><xs:restriction base="xs:string"><xs:maxLength value="30"/>
                                 </xs:restriction>
                              </xs:simpleType>
                           </xs:element><xs:element default="" minOccurs="0" name="Email"><xs:simpleType><xs:restriction base="xs:string"><xs:maxLength value="50"/>
                                 </xs:restriction>
                              </xs:simpleType>
                           </xs:element><xs:element default="" minOccurs="0" name="Line2Address"><xs:simpleType><xs:restriction base="xs:string"><xs:maxLength value="100"/>
                                 </xs:restriction>
                              </xs:simpleType>
                           </xs:element><xs:element name="Title"><xs:simpleType><xs:restriction base="xs:string"><xs:maxLength value="30"/>
                                 </xs:restriction>
                              </xs:simpleType>
                           </xs:element><xs:element default="" minOccurs="0" name="MiddleName"><xs:simpleType><xs:restriction base="xs:string"><xs:maxLength value="50"/>
                                 </xs:restriction>
                              </xs:simpleType>
                           </xs:element><xs:element default="" minOccurs="0" name="FaxPhone"><xs:simpleType><xs:restriction base="xs:string"><xs:maxLength value="40"/>
                                 </xs:restriction>
                              </xs:simpleType>
                           </xs:element><xs:element default="" minOccurs="0" name="OfficePhoneExtension"><xs:simpleType><xs:restriction base="xs:string"><xs:maxLength value="10"/>
                                 </xs:restriction>
                              </xs:simpleType>
                           </xs:element><xs:element default="" minOccurs="0" name="Salutation"><xs:annotation><xs:documentation>Addressing Customer</xs:documentation>
                              </xs:annotation><xs:simpleType><xs:restriction base="xs:string"><xs:maxLength value="15"/>
                                 </xs:restriction>
                              </xs:simpleType>
                           </xs:element><xs:element default="" minOccurs="0" name="Type"><xs:annotation><xs:documentation>Type of customer</xs:documentation>
                              </xs:annotation><xs:simpleType><xs:restriction base="xs:string"><xs:maxLength value="30"/>
                                 </xs:restriction>
                              </xs:simpleType>
                           </xs:element><xs:element default="" minOccurs="0" name="Line3Address"><xs:annotation><xs:documentation>Customer Address</xs:documentation>
                              </xs:annotation><xs:simpleType><xs:restriction base="xs:string"><xs:maxLength value="30"/>
                                 </xs:restriction>
                              </xs:simpleType>
                           </xs:element><xs:element default="" minOccurs="0" name="Language"><xs:annotation><xs:documentation>Language</xs:documentation>
                              </xs:annotation><xs:simpleType><xs:restriction base="xs:string"><xs:maxLength value="50"/>
                                 </xs:restriction>
                              </xs:simpleType>
                           </xs:element><xs:element default="" minOccurs="0" name="Company"><xs:annotation><xs:documentation>Company</xs:documentation>
                              </xs:annotation><xs:simpleType><xs:restriction base="xs:string"><xs:maxLength value="100"/>
                                 </xs:restriction>
                              </xs:simpleType>
                           </xs:element><xs:element default="" minOccurs="0" name="Specialty"><xs:annotation><xs:documentation>Specialty</xs:documentation>
                              </xs:annotation><xs:simpleType><xs:restriction base="xs:string"><xs:maxLength value="50"/>
                                 </xs:restriction>
                              </xs:simpleType>
                           </xs:element><xs:element default="" minOccurs="0" name="Degree"><xs:annotation><xs:documentation>Degree</xs:documentation>
                              </xs:annotation><xs:simpleType><xs:restriction base="xs:string"><xs:maxLength value="50"/>
                                 </xs:restriction>
                              </xs:simpleType>
                           </xs:element>
                        </xs:sequence>
                     </xs:complexType>
                  </xs:element>
               </xs:sequence>
            </xs:complexType>
         </xs:element><xs:complexType name="M2MUser"><xs:annotation><xs:documentation>User/Rep information</xs:documentation>
            </xs:annotation><xs:sequence><xs:element name="ID"><xs:annotation><xs:documentation>The unique ID that identifies the user obtained from the SFA.</xs:documentation>
                  </xs:annotation><xs:simpleType><xs:restriction base="xs:string"><xs:maxLength value="255"/>
                     </xs:restriction>
                  </xs:simpleType>
               </xs:element><xs:element name="FirstName"><xs:simpleType><xs:restriction base="xs:string"><xs:maxLength value="50"/>
                     </xs:restriction>
                  </xs:simpleType>
               </xs:element><xs:element name="LastName"><xs:simpleType><xs:restriction base="xs:string"><xs:maxLength value="50"/>
                     </xs:restriction>
                  </xs:simpleType>
               </xs:element><xs:element default="" minOccurs="0" name="Line1Address"><xs:simpleType><xs:restriction base="xs:string"><xs:maxLength value="200"/>
                     </xs:restriction>
                  </xs:simpleType>
               </xs:element><xs:element default="" minOccurs="0" name="City"><xs:simpleType><xs:restriction base="xs:string"><xs:maxLength value="50"/>
                     </xs:restriction>
                  </xs:simpleType>
               </xs:element><xs:element default="" minOccurs="0" name="State"><xs:simpleType><xs:restriction base="xs:string"><xs:maxLength value="10"/>
                     </xs:restriction>
                  </xs:simpleType>
               </xs:element><xs:element default="" minOccurs="0" name="Zip"><xs:simpleType><xs:restriction base="xs:string"><xs:maxLength value="30"/>
                     </xs:restriction>
                  </xs:simpleType>
               </xs:element><xs:element name="Email"><xs:simpleType><xs:restriction base="xs:string"><xs:maxLength value="50"/>
                     </xs:restriction>
                  </xs:simpleType>
               </xs:element><xs:element default="" minOccurs="0" name="OfficePhone"><xs:simpleType><xs:restriction base="xs:string"><xs:maxLength value="40"/>
                     </xs:restriction>
                  </xs:simpleType>
               </xs:element><xs:element name="TerritoryCode"><xs:simpleType><xs:restriction base="xs:string"/>
                  </xs:simpleType>
               </xs:element><xs:element default="" minOccurs="0" name="Role"><xs:annotation><xs:documentation>Facilitator Role Name</xs:documentation>
                  </xs:annotation><xs:simpleType><xs:restriction base="xs:string"><xs:maxLength value="30"/>
                     </xs:restriction>
                  </xs:simpleType>
               </xs:element>
            </xs:sequence>
         </xs:complexType><xs:complexType name="MedicalInquiry"><xs:annotation><xs:documentation>Medical Inquiry Definition</xs:documentation>
            </xs:annotation><xs:sequence><xs:element name="ID"><xs:annotation><xs:documentation>Unique across all
                                                          systems sending MI info</xs:documentation>
                  </xs:annotation><xs:simpleType><xs:restriction base="xs:string"><xs:minLength value="1"/><xs:maxLength value="30"/>
                     </xs:restriction>
                  </xs:simpleType>
               </xs:element><xs:element name="ProductCode"><xs:annotation><xs:documentation>Unique Identifier for the product this inquiry relates to</xs:documentation>
                  </xs:annotation><xs:simpleType><xs:restriction base="xs:string"><xs:maxLength value="100"/>
                     </xs:restriction>
                  </xs:simpleType>
               </xs:element><xs:element name="SourceSystem" type="xs:string"><xs:annotation><xs:documentation>Identifies source system</xs:documentation>
                  </xs:annotation>
               </xs:element><xs:element minOccurs="0" name="Type"><xs:simpleType><xs:restriction base="xs:string"><xs:maxLength value="50"/>
                     </xs:restriction>
                  </xs:simpleType>
               </xs:element><xs:element minOccurs="0" name="RelatedToArticles" type="xs:boolean"/><xs:element minOccurs="0" name="NumberOfArticles" type="xs:float"/><xs:element minOccurs="0" name="Notes" type="xs:string"/><xs:element name="CreatedDate" type="xs:dateTime"><xs:annotation><xs:documentation>Date of Inquiry: Obtainned from ESP M2M Form</xs:documentation>
                  </xs:annotation>
               </xs:element><xs:element minOccurs="0" name="PreferredChannel"><xs:annotation><xs:documentation>Customers Preferred Inquiry Response method: Obtainned from ESP M2M Form</xs:documentation>
                  </xs:annotation><xs:simpleType><xs:restriction base="xs:string"><xs:enumeration value=""/><xs:enumeration value="Email"/><xs:enumeration value="Mail"/><xs:enumeration value="Fax"/><xs:enumeration value="Phone"/><xs:enumeration value="Postal Mail"/><xs:enumeration value="Live Meeting"/><xs:enumeration value="State Office"/><xs:enumeration value="Home Address"/><xs:enumeration value="Other Address"/>
                     </xs:restriction>
                  </xs:simpleType>
               </xs:element><xs:element minOccurs="0" name="PreferredTime"><xs:annotation><xs:documentation>Customers preferred time to be contacted with response. Obtainned from ESP M2M Form</xs:documentation>
                  </xs:annotation><xs:simpleType><xs:restriction base="xs:string"><xs:maxLength value="50"/>
                     </xs:restriction>
                  </xs:simpleType>
               </xs:element><xs:element name="Inquiry"><xs:annotation><xs:documentation>InquiryText: Obtainned from ESP M2M Form</xs:documentation>
                  </xs:annotation><xs:simpleType><xs:restriction base="xs:string"><xs:maxLength value="2000"/>
                     </xs:restriction>
                  </xs:simpleType>
               </xs:element><xs:element name="SignatureDataImage"><xs:simpleType><xs:restriction base="xs:string"><xs:maxLength value="32768"/>
                     </xs:restriction>
                  </xs:simpleType>
               </xs:element><xs:element minOccurs="0" name="AdverseEffect"><xs:simpleType><xs:restriction base="xs:string"/>
                  </xs:simpleType>
               </xs:element><xs:element minOccurs="0" name="ProductComplaints"><xs:simpleType><xs:restriction base="xs:string"><xs:maxLength value="1"/>
                     </xs:restriction>
                  </xs:simpleType>
               </xs:element><xs:element minOccurs="0" name="AdverseEffectTransmitFlag"><xs:simpleType><xs:restriction base="xs:string"><xs:maxLength value="1"/>
                     </xs:restriction>
                  </xs:simpleType>
               </xs:element><xs:element minOccurs="0" name="ProductComplaintsTransmitFlag"><xs:simpleType><xs:restriction base="xs:string"><xs:maxLength value="1"/>
                     </xs:restriction>
                  </xs:simpleType>
               </xs:element><xs:element minOccurs="0" name="Accept_Eng_Resp"><xs:simpleType><xs:restriction base="xs:string"><xs:enumeration value="Y"/><xs:enumeration value="N"/>
                     </xs:restriction>
                  </xs:simpleType>
               </xs:element><xs:element minOccurs="0" name="RefTo"><xs:simpleType><xs:restriction base="xs:string"><xs:maxLength value="20"/>
                     </xs:restriction>
                  </xs:simpleType>
               </xs:element><xs:element minOccurs="0" name="Category" nillable="true" type="xs:string"/><xs:element minOccurs="0" name="Topic" nillable="true" type="xs:string"/><xs:element minOccurs="0" name="Resolution" nillable="true" type="xs:string"/><xs:element minOccurs="0" name="Response" nillable="true" type="xs:string"/><xs:element minOccurs="0" name="Priority" nillable="true" type="xs:string"/><xs:element minOccurs="0" name="Classification" nillable="true" type="xs:string"/><xs:element minOccurs="0" name="Sub-classification" nillable="true" type="xs:string"/>
            </xs:sequence>
         </xs:complexType><xs:element name="M2MRecord"><xs:annotation><xs:documentation>Version 1.1 Note: We are reusing the
                                          same &quot;Customers&quot; object that is used
                                          for the SFA. However for the m2mRecord
                                          we will only be returning a subset of
                                          (the required) information.</xs:documentation>
            </xs:annotation><xs:complexType><xs:sequence><xs:element name="M2MUser" type="M2MUser"/><xs:element ref="Customers"/><xs:element maxOccurs="unbounded" name="MedicalInquiry" type="MedicalInquiry"/>
               </xs:sequence>
            </xs:complexType>
         </xs:element><xs:complexType name="M2MRecordType"><xs:sequence><xs:element name="M2MUser" type="M2MUser"/><xs:element ref="Customers"/><xs:element name="MedicalInquiry" type="MedicalInquiry"/>
            </xs:sequence>
         </xs:complexType><xs:element name="RequestMessage"><xs:complexType><xs:sequence><xs:element name="M2MRecord" type="M2MRecordType"/>
               </xs:sequence>
            </xs:complexType>
         </xs:element><xs:element name="ResponseMessage"><xs:complexType><xs:sequence><xs:element name="result" type="xs:string"/>
               </xs:sequence>
            </xs:complexType>
         </xs:element>
      </xs:schema>
    <xs:schema attributeFormDefault="unqualified" elementFormDefault="qualified" targetNamespace="http://www.exploria.net" xmlns="http://www.exploria.net" xmlns:client="http://schemas.pfizer.com/MedicalInquiry" xmlns:mi="http://schemas.pfizer.com/MedicalInquiry" xmlns:ns1="http://www.exploria.net" xmlns:ns2="http://schemas.pfizer.com/ConventionMI" xmlns:ns3="http://www.irmsonline.com/2011/05/Standard/Case" xmlns:ns4="http://www.irmsonline.com/2011/05/Standard/CaseImport" xmlns:plnk="http://schemas.xmlsoap.org/ws/2003/05/partner-link/" xmlns:soap="http://schemas.xmlsoap.org/wsdl/soap/" xmlns:tns="http://schemas.pfizer.com/MedicalInquiry" xmlns:xs="http://www.w3.org/2001/XMLSchema" xmlns:xsd="http://www.w3.org/2001/XMLSchema" xmlns:xsi="http://www.w3.org/2001/XMLSchema-instance"><xs:element name="SrList"><xs:complexType><xs:sequence><xs:element name="ListOfServiceRequest"><xs:complexType><xs:sequence><xs:element name="ServiceRequest"><xs:complexType><xs:sequence><xs:element name="Source"><xs:simpleType><xs:restriction base="xs:string"><xs:maxLength value="25"/>
                                          </xs:restriction>
                                       </xs:simpleType>
                                    </xs:element><xs:element name="ReceiveDate"><xs:simpleType><xs:restriction base="xs:date"/>
                                       </xs:simpleType>
                                    </xs:element><xs:element name="ProductPremapCode"><xs:simpleType><xs:restriction base="xs:string"><xs:maxLength value="100"/>
                                          </xs:restriction>
                                       </xs:simpleType>
                                    </xs:element><xs:element name="FacilitatorEmail"><xs:simpleType><xs:restriction base="xs:string"><xs:maxLength value="50"/>
                                          </xs:restriction>
                                       </xs:simpleType>
                                    </xs:element><xs:element name="ProductSource"><xs:simpleType><xs:restriction base="xs:string"><xs:maxLength value="25"/>
                                          </xs:restriction>
                                       </xs:simpleType>
                                    </xs:element><xs:element name="TerritoryNumber"><xs:simpleType><xs:restriction base="xs:string"><xs:maxLength value="30"/>
                                          </xs:restriction>
                                       </xs:simpleType>
                                    </xs:element><xs:element name="FacilitatorLastName"><xs:simpleType><xs:restriction base="xs:string"><xs:maxLength value="50"/>
                                          </xs:restriction>
                                       </xs:simpleType>
                                    </xs:element><xs:element name="FacilitatorFirstName"><xs:simpleType><xs:restriction base="xs:string"><xs:maxLength value="50"/>
                                          </xs:restriction>
                                       </xs:simpleType>
                                    </xs:element><xs:element name="FacilitatorMiddleName"><xs:simpleType><xs:restriction base="xs:string"><xs:maxLength value="50"/>
                                          </xs:restriction>
                                       </xs:simpleType>
                                    </xs:element><xs:element name="FacilitatorAddress1"><xs:simpleType><xs:restriction base="xs:string"><xs:maxLength value="200"/>
                                          </xs:restriction>
                                       </xs:simpleType>
                                    </xs:element><xs:element name="FacilitatorCity"><xs:simpleType><xs:restriction base="xs:string"><xs:maxLength value="50"/>
                                          </xs:restriction>
                                       </xs:simpleType>
                                    </xs:element><xs:element name="FacilitatorState"><xs:simpleType><xs:restriction base="xs:string"><xs:maxLength value="10"/>
                                          </xs:restriction>
                                       </xs:simpleType>
                                    </xs:element><xs:element name="FacilitatorZip"><xs:simpleType><xs:restriction base="xs:string"><xs:maxLength value="30"/>
                                          </xs:restriction>
                                       </xs:simpleType>
                                    </xs:element><xs:element name="FacilitatorWorkPhone"><xs:simpleType><xs:restriction base="xs:string"><xs:maxLength value="40"/>
                                          </xs:restriction>
                                       </xs:simpleType>
                                    </xs:element><xs:element name="FacilitatorType"><xs:simpleType><xs:restriction base="xs:string"><xs:maxLength value="30"/>
                                          </xs:restriction>
                                       </xs:simpleType>
                                    </xs:element><xs:element name="PhysicianDegree1"><xs:simpleType><xs:restriction base="xs:string"><xs:maxLength value="30"/>
                                          </xs:restriction>
                                       </xs:simpleType>
                                    </xs:element><xs:element name="PhysicianFirstName"><xs:simpleType><xs:restriction base="xs:string"><xs:maxLength value="50"/>
                                          </xs:restriction>
                                       </xs:simpleType>
                                    </xs:element><xs:element name="PhysicianLastName"><xs:simpleType><xs:restriction base="xs:string"><xs:maxLength value="50"/>
                                          </xs:restriction>
                                       </xs:simpleType>
                                    </xs:element><xs:element name="PhysicianMiddleName"><xs:simpleType><xs:restriction base="xs:string"><xs:maxLength value="50"/>
                                          </xs:restriction>
                                       </xs:simpleType>
                                    </xs:element><xs:element name="PhysicianAddress1"><xs:simpleType><xs:restriction base="xs:string"><xs:maxLength value="200"/>
                                          </xs:restriction>
                                       </xs:simpleType>
                                    </xs:element><xs:element name="PhysicianAddress2"><xs:simpleType><xs:restriction base="xs:string"><xs:maxLength value="100"/>
                                          </xs:restriction>
                                       </xs:simpleType>
                                    </xs:element><xs:element name="PhysicianCity"><xs:simpleType><xs:restriction base="xs:string"><xs:maxLength value="50"/>
                                          </xs:restriction>
                                       </xs:simpleType>
                                    </xs:element><xs:element name="PhysicianState"><xs:simpleType><xs:restriction base="xs:string"><xs:maxLength value="10"/>
                                          </xs:restriction>
                                       </xs:simpleType>
                                    </xs:element><xs:element name="PhysicianCountry"><xs:simpleType><xs:restriction base="xs:string"><xs:maxLength value="30"/>
                                          </xs:restriction>
                                       </xs:simpleType>
                                    </xs:element><xs:element name="PhysicianZip"><xs:simpleType><xs:restriction base="xs:string"><xs:maxLength value="30"/>
                                          </xs:restriction>
                                       </xs:simpleType>
                                    </xs:element><xs:element name="PhysicianPhone"><xs:simpleType><xs:restriction base="xs:string"><xs:maxLength value="40"/>
                                          </xs:restriction>
                                       </xs:simpleType>
                                    </xs:element><xs:element name="PhysicianFax"><xs:simpleType><xs:restriction base="xs:string"><xs:maxLength value="40"/>
                                          </xs:restriction>
                                       </xs:simpleType>
                                    </xs:element><xs:element name="PfizerCustomerID"><xs:simpleType><xs:restriction base="xs:string"><xs:maxLength value="50"/>
                                          </xs:restriction>
                                       </xs:simpleType>
                                    </xs:element><xs:element name="PhysicianDendriteID"><xs:simpleType><xs:restriction base="xs:string"><xs:maxLength value="50"/>
                                          </xs:restriction>
                                       </xs:simpleType>
                                    </xs:element><xs:element name="PhysicianEmail"><xs:simpleType><xs:restriction base="xs:string"><xs:maxLength value="50"/>
                                          </xs:restriction>
                                       </xs:simpleType>
                                    </xs:element><xs:element name="PfizerSourceSystemCustomerID"><xs:simpleType><xs:restriction base="xs:string"><xs:maxLength value="200"/>
                                          </xs:restriction>
                                       </xs:simpleType>
                                    </xs:element><xs:element name="Salutation"><xs:simpleType><xs:restriction base="xs:string"><xs:maxLength value="15"/>
                                          </xs:restriction>
                                       </xs:simpleType>
                                    </xs:element><xs:element name="PhysicianAddress3"><xs:simpleType><xs:restriction base="xs:string"><xs:maxLength value="100"/>
                                          </xs:restriction>
                                       </xs:simpleType>
                                    </xs:element><xs:element name="PhysicianType"><xs:simpleType><xs:restriction base="xs:string"><xs:maxLength value="30"/>
                                          </xs:restriction>
                                       </xs:simpleType>
                                    </xs:element><xs:element name="InquiryText"><xs:simpleType><xs:restriction base="xs:string"><xs:maxLength value="2000"/>
                                          </xs:restriction>
                                       </xs:simpleType>
                                    </xs:element><xs:element name="SignatureDataImage"><xs:simpleType><xs:restriction base="xs:base64Binary"><xs:maxLength value="60000"/>
                                          </xs:restriction>
                                       </xs:simpleType>
                                    </xs:element><xs:element name="PreferredChannel"><xs:simpleType><xs:restriction base="xs:string"><xs:maxLength value="50"/>
                                          </xs:restriction>
                                       </xs:simpleType>
                                    </xs:element><xs:element name="PreferredTime"><xs:simpleType><xs:restriction base="xs:string"><xs:maxLength value="50"/>
                                          </xs:restriction>
                                       </xs:simpleType>
                                    </xs:element><xs:element name="UniqueSourceId"><xs:simpleType><xs:restriction base="xs:string"><xs:maxLength value="30"/>
                                          </xs:restriction>
                                       </xs:simpleType>
                                    </xs:element><xs:element maxOccurs="1" minOccurs="0" name="AE"><xs:simpleType><xs:restriction base="xs:string"><xs:maxLength value="1"/>
                                          </xs:restriction>
                                       </xs:simpleType>
                                    </xs:element><xs:element maxOccurs="1" minOccurs="0" name="PC"><xs:simpleType><xs:restriction base="xs:string"><xs:maxLength value="1"/>
                                          </xs:restriction>
                                       </xs:simpleType>
                                    </xs:element><xs:element maxOccurs="1" minOccurs="0" name="ETransmitSafety"><xs:simpleType><xs:restriction base="xs:string"><xs:maxLength value="1"/>
                                          </xs:restriction>
                                       </xs:simpleType>
                                    </xs:element><xs:element maxOccurs="1" minOccurs="0" name="ETransmitPQC"><xs:simpleType><xs:restriction base="xs:string"><xs:maxLength value="1"/>
                                          </xs:restriction>
                                       </xs:simpleType>
                                    </xs:element>
                                 </xs:sequence>
                              </xs:complexType>
                           </xs:element>
                        </xs:sequence>
                     </xs:complexType>
                  </xs:element><xs:element name="XmlFileName"><xs:simpleType><xs:restriction base="xs:string"><xs:maxLength value="255"/>
                        </xs:restriction>
                     </xs:simpleType>
                  </xs:element>
               </xs:sequence>
            </xs:complexType>
         </xs:element>
      </xs:schema>
  </types>
  <message name="MedicalInquiryServiceRequestMessage">
    <part name="payload" element="client:RequestMessage">
    </part>
  </message>
  <message name="MedicalInquiryServiceResponseMessage">
    <part name="payload" element="client:ResponseMessage">
    </part>
  </message>
  <portType name="MIService_04092014">
    <operation name="process">
      <input message="client:MedicalInquiryServiceRequestMessage">
    </input>
      <output message="client:MedicalInquiryServiceResponseMessage">
    </output>
    </operation>
  </portType>
  <binding name="MIService_04092014" type="client:MIService_04092014">
    <soap:binding style="document" transport="http://schemas.xmlsoap.org/soap/http"/>
    <operation name="process">
      <soap:operation soapAction="process" style="document"/>
      <input>
        <soap:body use="literal"/>
      </input>
      <output>
        <soap:body use="literal"/>
      </output>
    </operation>
  </binding>
  <service name="MedicalInquiryService-v2c">
    <port name="MedicalInquiryService-v2c" binding="client:MIService_04092014">
      <soap:address location="http://servicegate-dev.pfizer.com:80/MedicalInquiryService-v2c"/>
    </port>
  </service>
</definitions>
