﻿<?xml version="1.0" encoding="UTF-8"?>

<!-- This file contains job definitions in schema version 2.0 format -->

<job-scheduling-data xmlns="http://quartznet.sourceforge.net/JobSchedulingData" xmlns:xsi="http://www.w3.org/2001/XMLSchema-instance" version="2.0">

  <processing-directives>
    <overwrite-existing-data>true</overwrite-existing-data>
  </processing-directives>

  <schedule>

    <job>
      <name>ChinaWechatJob</name>
      <group>ChinaWechatJobGroup</group>
      <description>ChinaWechat Job</description>
      <job-type>ChinaWechat.ChinaWechatJob, ChinaWechat</job-type>
    </job>
    <trigger>
      <cron>
        <name>ChinaWechatTrigger</name>
        <group>ChinaWechatTriggerGroup</group>
        <description>ChinaWechat Trigger</description>
        <job-name>ChinaWechatJob</job-name>
        <job-group>ChinaWechatJobGroup</job-group>
        <cron-expression>0 0/1 * * * ?</cron-expression>
      </cron>
    </trigger>
  </schedule>
</job-scheduling-data>