﻿WechatMITradeProductID,TradeNameEN,TradeNameZH,TradeNameUS,IsActive,TradeNamePinYin,GenericNameEN,GenericNameZH,GenericNamePinYin,DiseaseAreaID,RowVersion
DFFE3F9E-2173-4925-BAF8-0CA49E8C5758,Leucovorin Calcium,法益宁,Leucovorin Calcium,1,NULL,LEUCOVORIN CALCIUM-CN,NULL,NULL,NULL,0x00000000000815ED
551E3DD5-DAA3-4F80-BA52-20AAEECBEA0E,Diflucan,大扶康,Diflucan,1,NULL,DIFLUCAN-CN,NULL,NULL,NULL,0x00000000000815EE
08D32364-1457-4918-B605-20C387535AF7,Tygacil,泰阁,Tygacil,1,NULL,TYGACIL-CN,NULL,NULL,NULL,0x00000000000815EF
FCD7027B-A55C-4FA9-99E0-28B739A84B4E,Olmetec,傲坦,Olmetec,1,NULL,OLMETEC-CN,NULL,NULL,NULL,0x00000000000815F0
73B97146-FAD6-4279-8590-293D4C1119D0,ELIQUIS,艾乐妥,ELIQUIS,1,NULL,ELIQUIS - CN,NULL,NULL,NULL,0x00000000000815F1
7A5DCE47-0520-4745-8E0F-32519B263704,Xalkori,赛可瑞,Xalkori,1,NULL,XALKORI-CN,NULL,NULL,NULL,0x00000000000815F2
BBE069CF-2CBA-4CEC-8566-33A293C11EC8,Champix,畅沛,Champix,1,NULL,CHAMPIX-CN,NULL,NULL,NULL,0x00000000000815F3
2302B2BD-3878-4DF9-A206-39C63772F352,Lyrica,乐瑞卡,Lyrica,1,NULL,LYRICA-CN,NULL,NULL,NULL,0x00000000000815F4
E678C05D-9FD3-46F7-8F90-3FD40DF56662,Rapamune,雷帕鸣,Rapamune,1,NULL,RAPAMUNE-CN,NULL,NULL,NULL,0x00000000000815F5
5922C3F8-AE9E-43BE-9473-4291403B1308,Zyvox,斯沃,Zyvox,1,NULL,ZYVOX-CN,NULL,NULL,NULL,0x00000000000815F6
9140118D-7AFA-4B0D-AA0B-4A54EF899967,Dynastat,特耐,Dynastat,1,NULL,DYNASTAT-CN,NULL,NULL,NULL,0x00000000000815F7
7A0BEF03-780D-4E88-9CBE-4B23E04AACD7,BeneFIX,贝赋,BeneFIX,1,NULL,BENEFIX-CN,NULL,NULL,NULL,0x00000000000815F8
99CCC49A-70FE-4783-B4F5-4C34473EE5FA,Celebrex,西乐葆,Celebrex,1,NULL,CELEBREX-CN,NULL,NULL,NULL,0x00000000000815F9
1589B24C-5EAB-41BD-87E4-4FBDFB076524,Prevenar,沛儿,Prevenar,1,NULL,PREVENAR-CN,NULL,NULL,NULL,0x00000000000815FA
EA1EA17C-21D5-4FFF-9A94-50C7BB97FAF9,Lipitor,立普妥,Lipitor,1,NULL,LIPITOR-CN,NULL,NULL,NULL,0x00000000000815FB
07B78EAA-915D-4D1D-B9D9-58495CC69148,Minidiab,曼迪宝,Minidiab,1,NULL,MINIDIAB-CN,NULL,NULL,NULL,0x00000000000815FC
8A3280C7-626B-4D61-A5B5-5EBDB33C45FD,Aromasin,阿诺新,Aromasin,1,NULL,AROMASIN - CN,NULL,NULL,NULL,0x00000000000815FD
04FF75A8-C05D-486F-9B6A-60B17D0911B1,Depo-provera,狄波-普维拉,Depo-provera,1,NULL,DEPO-PROVERA-CN,NULL,NULL,NULL,0x00000000000815FE
96996791-3975-4BE4-8EE8-65C759280BF1,Campto,开普拓,Campto,1,NULL,CAMPTO-CN,NULL,NULL,NULL,0x00000000000815FF
488420FD-115F-4C4B-B0B0-68C3DDEEC063,Zeldox,卓乐定,Zeldox,1,NULL,ZELDOX-CN,NULL,NULL,NULL,0x0000000000081601
7620ED98-F600-4935-B2A0-6A8003FC1F9C,Solu-Medrol,甲强龙,Solu-Medrol,1,NULL,SOLU-MEDROL-CN,NULL,NULL,NULL,0x0000000000081602
0884EF6F-C00F-402A-9FFD-6C40B240D8A8,Cytotec,喜克馈,Cytotec,1,NULL,CYTOTEC-CN,NULL,NULL,NULL,0x0000000000081603
F6A4ECBB-F1CF-43FD-81E5-6CF143141D58,Adriamycin,多柔比星,Adriamycin,1,NULL,ADRIAMYCIN - CN,NULL,NULL,NULL,0x0000000000081604
972F7DC4-A363-42F6-A059-700E010A59AD,Sulperazon,舒普深,Sulperazon,1,NULL,SULPERAZO-CN ,NULL,NULL,NULL,0x0000000000081605
B2A1B026-2678-438B-AA8E-71A6F37F9331,Zeldox IM,卓乐定针剂,Zeldox IM,1,NULL,ZELDOX IM-CN,NULL,NULL,NULL,0x0000000000081606
4AE0D617-F8AD-4493-B086-73AF212D4720,Detrusitol SR (Capsule 4mg),得妥,Detrusitol SR (Capsule 4mg),1,NULL,DETRUSITOL SR (CAPSULE 4MG) -CN,NULL,NULL,NULL,0x0000000000081607
3CE00828-5DAC-4D99-95C9-74513BCA29C5,Daunoblastina,柔红霉素,Daunoblastina,1,NULL,DAUNOBLASTINA-CN,NULL,NULL,NULL,0x0000000000081608
BCC6AC8C-8F20-4180-AAB5-7A538A8B2ADF,Zoloft,左洛复,Zoloft,1,NULL,ZOLOFT-CN,NULL,NULL,NULL,0x0000000000081609
027E7728-FF20-4DB1-BC9E-7D00CDB5F018,Farlutal,法禄达,Farlutal,1,NULL,FARLUTAL-CN,NULL,NULL,NULL,0x000000000008160A
131DD16A-8DAB-4EDD-98C8-8631A3172A69,Tazocin,特治星,Tazocin,1,NULL,TAZOCIN-CN,NULL,NULL,NULL,0x000000000008160B
0A1A9326-7C03-4B0E-B06D-8B0C3B6C3DEF,Viagra,万艾可,Viagra,1,NULL,VIAGRA-CN,NULL,NULL,NULL,0x000000000008160C
F6601075-28AC-41A3-8BF8-975C37EB4DCE,Fragmin,法安明,Fragmin,1,NULL,FRAGMIN-CN,NULL,NULL,NULL,0x000000000008160D
CF41D6AA-7A97-484B-90EE-9ABCAC38DFDF,Minocin,玫满,Minocin,1,NULL,MINOCIN-CN,NULL,NULL,NULL,0x000000000008160E
AD05DF91-5808-49FE-9862-9D21F2B6054C,Cardura XL,可多华,Cardura XL,1,NULL,CARDURA XL-CN,NULL,NULL,NULL,0x000000000008160F
DD635E46-06AB-4103-878B-A3F8876E3099,Sutent,索坦,Sutent,1,NULL,SUTENT-CN,NULL,NULL,NULL,0x0000000000081610
95788C3F-990B-434B-B7F8-A72B24E03DBC,Cytosar,赛德萨,Cytosar,1,NULL,CYTOSAR-CN,NULL,NULL,NULL,0x0000000000081611
C85636DC-C77A-4A94-AB24-A7344309B9A2,Vfend,威凡,Vfend,1,NULL,VFEND-CN,NULL,NULL,NULL,0x0000000000081612
47A610A2-C570-4A76-BABF-AC15E837F5D6,Hemabate,欣母沛,Hemabate,1,NULL,HEMABATE-CN,NULL,NULL,NULL,0x0000000000081613
9648F209-8F55-4160-AEE3-AC5A710B5C7D,Caduet,多达一,Caduet,1,NULL,CADUET-CN,NULL,NULL,NULL,0x0000000000081614
2784E2AF-C910-41FC-88D0-AEDDA5EDBBFF,Xalatan,适利达,Xalatan,1,NULL,XALATAN-CN,NULL,NULL,NULL,0x0000000000081615
7BC6925F-55CC-496E-9010-AEDF886F786C,Medrol,美卓乐,Medrol,1,NULL,MEDROL-CN,NULL,NULL,NULL,0x0000000000081616
670BEE20-E489-45D4-AE06-B3B3C3490D6F,Olbetam,乐知苹,Olbetam,1,NULL,OLBETAM-CN,NULL,NULL,NULL,0x0000000000081617
C5BA01FF-3A51-4F11-ADCA-B4AEFB8FBB2A,Norvasc,络活喜,Norvasc,1,NULL,NORVASC-CN,NULL,NULL,NULL,0x0000000000081618
A3D976DC-F4BF-4FDD-90FA-B61821109A6B,Xyntha,任捷,Xyntha,1,NULL,XYNTHA-CN,NULL,NULL,NULL,0x0000000000081619
A08BBA88-D3FC-4FC5-9B35-BA7D5FB7641F,Premarin,倍美力,Premarin,1,NULL,PREMARIN-CN,NULL,NULL,NULL,0x000000000008161A
4A1A5704-43B7-47B1-9AE8-BD98618EEA5D,Zithromax,希舒美,Zithromax,1,NULL,ZITHROMAX-CN,NULL,NULL,NULL,0x000000000008161B
9C7BF7C8-6D47-4254-9B94-C0816DA22F5A,Zavedos,善唯达,Zavedos,1,NULL,ZAVEDOS-CN,NULL,NULL,NULL,0x000000000008161C
4AF3A429-9ED4-49BF-A819-C0E1268D582D,Sermion,思尔明,Sermion,1,NULL,SERMION-CN,NULL,NULL,NULL,0x000000000008161D
1CF82384-4B57-4A45-9865-C19D80650F95,Cefobid,先锋必,Cefobid,1,NULL,CEFOBID-CN,NULL,NULL,NULL,0x000000000008161E
92D12A03-C772-433B-8B5A-C5712F44D1B0,Unasyn,优立新,Unasyn,1,NULL,UNASYN-CN,NULL,NULL,NULL,0x000000000008161F
2640510C-5F33-471C-91F7-D4E95FA91532,Xalacom,适利加,Xalacom,1,NULL,XALACOM-CN,NULL,NULL,NULL,0x0000000000081620
6D1AA1EF-B117-4224-9347-DBAD59EC78B1,Efexor Xr,怡诺思,Efexor Xr,1,NULL,EFEXOR XR-CN,NULL,NULL,NULL,0x0000000000081621
EAFD4985-E213-48BC-AE61-DE26178CB35D,Genotropin,健豪宁,Genotropin,1,NULL,GENOTROPIN-CN,NULL,NULL,NULL,0x0000000000081622
97CAAEF5-170C-4FC0-B44E-DEB25DAAA96E,Methotrexate,甲氨蝶呤,Methotrexate,1,NULL,METHOTREXATE-CN,NULL,NULL,NULL,0x0000000000081623
94D4A013-51F5-49C4-A94A-E5DD91BF5CC3,Estracyt,艾去适,Estracyt,1,NULL,ESTRACYT-CN,NULL,NULL,NULL,0x0000000000081624
4294A54B-DBA0-4EFC-A017-EE51600FB037,Enbrel,恩利,Enbrel,1,NULL,ENBREL-CN,NULL,NULL,NULL,0x0000000000081625
F4E10D02-C82F-47C7-9C65-F98007DD8C51,Glucotrol XL,瑞易宁,Glucotrol XL,1,NULL,GLUCOTROL XL-CN,NULL,NULL,NULL,0x0000000000081626
4B72CE94-3CDD-4451-9267-FCA39C9B5605,Pharmorubicin RD,法玛新,Pharmorubicin RD,1,NULL,PHARMORUBICIN RD-CN,NULL,NULL,NULL,0x0000000000081627
